SequenceNumber;SwingPhase;StickGlovePlane_X;StickGlovePlane_Y;StickGlovePlane_Z;FilterItem;FilterValue
1953;1;-0,009403368;-0,100235491;-0,078825567;StickGloveNormal_X;0,073542297
1954;1;-0,009419728;-0,100409885;-0,078962711;StickGloveNormal_Y;0,783926419
1955;1;-0,009436101;-0,100584412;-0,07909996;StickGloveNormal_Z;0,616482684
1956;1;-0,00945273;-0,100761669;-0,079239355;;
1957;1;-0,009468697;-0,100931876;-0,079373207;;
1958;1;-0,009484679;-0,101102228;-0,079507172;;
1959;1;-0,009500903;-0,101275168;-0,079643173;;
1960;1;-0,009516989;-0,101446643;-0,079778022;;
1961;1;-0,009531146;-0,101597553;-0,079896698;;
1962;1;-0,009545291;-0,101748331;-0,08001527;;
1963;1;-0,009559431;-0,101899058;-0,080133803;;
1964;1;-0,009573662;-0,102050751;-0,080253094;;
1965;1;-0,009589325;-0,102217711;-0,080384392;;
1966;1;-0,009603096;-0,102364507;-0,080499833;;
1967;1;-0,009616807;-0,102510657;-0,080614766;;
1968;1;-0,009629888;-0,102650094;-0,08072442;;
1969;1;-0,00964301;-0,102789963;-0,080834413;;
1970;1;-0,009656988;-0,102938962;-0,080951586;;
1971;1;-0,009670809;-0,103086296;-0,081067451;;
1972;1;-0,009682542;-0,103211358;-0,0811658;;
1973;1;-0,009694242;-0,103336079;-0,081263881;;
1974;1;-0,009705778;-0,103459048;-0,081360584;;
1975;1;-0,009715165;-0,103559106;-0,08143927;;
1976;1;-0,009724635;-0,103660052;-0,081518655;;
1977;1;-0,009735609;-0,103777027;-0,081610644;;
1978;1;-0,009748721;-0,103916796;-0,081720559;;
1979;1;-0,009794379;-0,104403487;-0,082103295;;
1980;1;-0,009854657;-0,105046027;-0,08260859;;
1981;1;-0,009910786;-0,105644329;-0,083079098;;
1982;1;-0,00990655;-0,105599184;-0,083043595;;
1983;1;-0,009902346;-0,105554365;-0,08300835;;
1984;1;-0,009897907;-0,105507053;-0,082971143;;
1985;1;-0,009895272;-0,105478966;-0,082949056;;
1986;1;-0,009918892;-0,105730742;-0,083147053;;
1987;1;-0,00993814;-0,105935918;-0,083308404;;
1988;1;-0,009956929;-0,106136194;-0,083465902;;
1989;1;-0,009969348;-0,106268582;-0,083570013;;
1990;1;-0,009981796;-0,10640127;-0,083674359;;
1991;1;-0,009994437;-0,106536019;-0,083780326;;
1992;1;-0,010007065;-0,106670619;-0,083886176;;
1993;1;-0,010019545;-0,106803656;-0,083990797;;
1994;1;-0,010034459;-0,106962627;-0,084115812;;
1995;1;-0,010049621;-0,107124249;-0,084242912;;
1996;1;-0,010068614;-0,107326703;-0,084402123;;
1997;1;-0,010087499;-0,107528016;-0,084560436;;
1998;1;-0,010104807;-0,107712505;-0,084705519;;
1999;1;-0,010122114;-0,107896996;-0,084850603;;
2000;1;-0,010139346;-0,108080674;-0,084995049;;
2001;1;-0,010156677;-0,108265412;-0,085140327;;
2002;1;-0,010175543;-0,10846652;-0,08529848;;
2003;1;-0,010195261;-0,108676701;-0,085463766;;
2004;1;-0,01021482;-0,10888519;-0,085627723;;
2005;1;-0,010232287;-0,109071384;-0,085774147;;
2006;1;-0,010249675;-0,109256737;-0,085919909;;
2007;1;-0,010266211;-0,109432997;-0,08605852;;
2008;1;-0,010282639;-0,109608109;-0,086196229;;
2009;1;-0,010297746;-0,109769142;-0,086322866;;
2010;1;-0,010310153;-0,1099014;-0,086426875;;
2011;1;-0,010322371;-0,110031641;-0,086529296;;
2012;1;-0,010332359;-0,110138109;-0,086613023;;
2013;1;-0,01034222;-0,110243216;-0,08669568;;
2014;1;-0,010350837;-0,11033507;-0,086767914;;
2015;1;-0,010359273;-0,110425;-0,086838635;;
2016;1;-0,010365687;-0,110493363;-0,086892396;;
2017;1;-0,01036951;-0,110534119;-0,086924447;;
2018;1;-0,010373221;-0,110573672;-0,086955551;;
2019;1;-0,010376303;-0,110606522;-0,086981385;;
2020;1;-0,010379074;-0,110636061;-0,087004614;;
2021;1;-0,010378565;-0,11063064;-0,087000351;;
2022;1;-0,010377915;-0,110623708;-0,0869949;;
2023;1;-0,010376299;-0,110606479;-0,086981351;;
2024;1;-0,010370079;-0,110540183;-0,086929215;;
2025;1;-0,010363624;-0,110471372;-0,086875102;;
2026;1;-0,010355409;-0,110383802;-0,086806237;;
2027;1;-0,010346736;-0,110291357;-0,086733538;;
2028;1;-0,010332956;-0,110144467;-0,086618023;;
2029;1;-0,010318748;-0,109993015;-0,08649892;;
2030;1;-0,010299998;-0,109793147;-0,086341743;;
2031;1;-0,010278732;-0,109566467;-0,086163482;;
2032;1;-0,01025711;-0,109335988;-0,085982232;;
2033;1;-0,010233473;-0,109084027;-0,085784089;;
2034;1;-0,010209449;-0,108827944;-0,085582705;;
2035;1;-0,010182312;-0,108538674;-0,085355221;;
2036;1;-0,010154709;-0,108244438;-0,085123833;;
2037;1;-0,010122625;-0,107902442;-0,084854886;;
2038;1;-0,010090738;-0,10756254;-0,084587586;;
2039;1;-0,010063546;-0,10727268;-0,084359639;;
2040;1;-0,010024948;-0,106861243;-0,084036083;;
2041;1;-0,009985382;-0,106439493;-0,083704418;;
2042;1;-0,009934074;-0,10589257;-0,083274315;;
2043;1;-0,009882771;-0,105345702;-0,082844256;;
2044;1;-0,00983445;-0,104830626;-0,082439199;;
2045;1;-0,009785909;-0,104313206;-0,082032298;;
2046;1;-0,00973665;-0,103788124;-0,081619371;;
2047;1;-0,009680526;-0,103189871;-0,081148902;;
2048;1;-0,009624033;-0,102587679;-0,080675337;;
2049;1;-0,009564874;-0,101957076;-0,080179428;;
2050;1;-0,009505338;-0,101322448;-0,079680354;;
2051;1;-0,009442675;-0,100654493;-0,079155072;;
2052;1;-0,009379741;-0,099983644;-0,078627514;;
2053;1;-0,009315233;-0,099296013;-0,078086758;;
2054;1;-0,009251755;-0,098619373;-0,077554646;;
2055;1;-0,009188069;-0,097940513;-0,077020788;;
2056;1;-0,009123358;-0,097250721;-0,076478333;;
2057;1;-0,00905833;-0,096557555;-0,075933224;;
2058;1;-0,008990561;-0,095835165;-0,075365134;;
2059;1;-0,008922679;-0,095111576;-0,074796101;;
2060;1;-0,008854868;-0,094388743;-0,074227663;;
2061;1;-0,008787162;-0,093667033;-0,073660107;;
2062;1;-0,008719364;-0,092944328;-0,073091769;;
2063;1;-0,008651653;-0,09222257;-0,072524176;;
2064;1;-0,008583561;-0,091496739;-0,071953379;;
2065;1;-0,008511249;-0,090725928;-0,071347211;;
2066;1;-0,008439021;-0,089956004;-0,07074174;;
2067;1;-0,008369542;-0,089215394;-0,070159321;;
2068;1;-0,008300092;-0,088475087;-0,069577141;;
2069;1;-0,008232362;-0,087753125;-0,069009387;;
2070;1;-0,008167273;-0,087059301;-0,068463762;;
2071;1;-0,008102036;-0,086363904;-0,067916899;;
2072;1;-0,008035497;-0,085654633;-0,067359125;;
2073;1;-0,00796917;-0,084947614;-0,066803123;;
2074;1;-0,007906749;-0,084282243;-0,066279873;;
2075;1;-0,007844803;-0,083621926;-0,065760597;;
2076;1;-0,007790797;-0,083046247;-0,065307881;;
2077;1;-0,007740876;-0,082514114;-0,06488941;;
2078;1;-0,007690948;-0,081981897;-0,064470872;;
2079;1;-0,007641497;-0,081454771;-0,064056339;;
2080;1;-0,007592496;-0,08093245;-0,063645583;;
2081;1;-0,007550834;-0,080488348;-0,063296339;;
2082;1;-0,007509323;-0,08004586;-0,062948365;;
2083;1;-0,007470945;-0,07963677;-0,062626656;;
2084;1;-0,007433373;-0,079236268;-0,062311699;;
2085;1;-0,007396028;-0,078838189;-0,061998648;;
2086;1;-0,007363269;-0,078488994;-0,06172404;;
2087;1;-0,007330536;-0,078140076;-0,06144965;;
2088;1;-0,007299624;-0,077810567;-0,061190523;;
2089;1;-0,007268894;-0,077483;-0,060932923;;
2090;1;-0,007242349;-0,077200049;-0,060710409;;
2091;1;-0,007217448;-0,076934616;-0,060501671;;
2092;1;-0,007192429;-0,076667918;-0,060291939;;
2093;1;-0,007167299;-0,076400046;-0,060081283;;
2094;1;-0,007142286;-0,076133419;-0,059871607;;
2095;1;-0,007120905;-0,07590551;-0,059692378;;
2096;1;-0,007099289;-0,075675096;-0,05951118;;
2097;1;-0,007076298;-0,075430017;-0,059318449;;
2098;1;-0,007054193;-0,075194395;-0,059133155;;
2099;1;-0,00703175;-0,074955155;-0,058945016;;
2100;1;-0,007007128;-0,074692699;-0,058738619;;
2101;1;-0,00698213;-0,074426237;-0,058529072;;
2102;1;-0,006954575;-0,074132506;-0,058298081;;
2103;1;-0,006926889;-0,073837394;-0,058066004;;
2104;1;-0,00690036;-0,073554608;-0,05784362;;
2105;1;-0,006873719;-0,073270618;-0,05762029;;
2106;1;-0,00684799;-0,072996367;-0,057404618;;
2107;1;-0,006815355;-0,072648486;-0,057131043;;
2108;1;-0,006782443;-0,072297664;-0,056855155;;
2109;1;-0,006748672;-0,071937684;-0,056572065;;
2110;1;-0,006714678;-0,071575317;-0,056287099;;
2111;1;-0,006680711;-0,07121325;-0,056002368;;
2112;1;-0,006646274;-0,070846166;-0,055713691;;
2113;1;-0,006607897;-0,070437088;-0,055391991;;
2114;1;-0,006564411;-0,069973547;-0,055027461;;
2115;1;-0,006520348;-0,069503854;-0,054658092;;
2116;1;-0,006471057;-0,068978431;-0,054244897;;
2117;1;-0,006421343;-0,068448508;-0,053828164;;
2118;1;-0,006368817;-0,067888608;-0,053387857;;
2119;1;-0,006315618;-0,067321533;-0,052941906;;
2120;1;-0,006255708;-0,06668292;-0,052439699;;
2121;1;-0,006189612;-0,065978366;-0,051885635;;
2122;1;-0,006122929;-0,06526755;-0,051326647;;
2123;1;-0,006051397;-0,064505058;-0,05072702;;
2124;1;-0,005979326;-0,063736816;-0,050122872;;
2125;1;-0,005903182;-0,06292515;-0,049484575;;
2126;1;-0,005826661;-0,062109474;-0,048843124;;
2127;1;-0,005748183;-0,061272939;-0,048185269;;
2128;1;-0,005664715;-0,060383202;-0,047485577;;
2129;1;-0,005580598;-0,059486559;-0,046780454;;
2130;1;-0,005490681;-0,058528081;-0,046026703;;
2131;1;-0,005400286;-0,057564522;-0,045268956;;
2132;1;-0,005306679;-0,056566706;-0,044484271;;
2133;1;-0,005212728;-0,055565238;-0,043696712;;
2134;1;-0,005117237;-0,054547343;-0,042896235;;
2135;1;-0,005018919;-0,053499325;-0,042072071;;
2136;1;-0,004920143;-0,05244642;-0,041244062;;
2137;1;-0,00481824;-0,051360185;-0,040389842;;
2138;1;-0,004715902;-0,050269301;-0,039531968;;
2139;1;-0,004610697;-0,049147867;-0,038650067;;
2140;1;-0,004504985;-0,048021029;-0,037763918;;
2141;1;-0,004395566;-0,04685467;-0,036846689;;
2142;1;-0,004285883;-0,045685504;-0,035927252;;
2143;1;-0,004176034;-0,044514567;-0,035006423;;
2144;1;-0,004063443;-0,0433144;-0,034062607;;
2145;1;-0,003950532;-0,042110817;-0,033116104;;
2146;1;-0,003836794;-0,040898425;-0,032162675;;
2147;1;-0,00372262;-0,039681386;-0,031205592;;
2148;1;-0,003605799;-0,038436129;-0,030226317;;
2149;1;-0,00348861;-0,037186949;-0,029243957;;
2150;1;-0,003369786;-0,035920336;-0,028247887;;
2151;1;-0,003250757;-0,034651548;-0,027250108;;
2152;1;-0,003131298;-0,033378165;-0,026248715;;
2153;1;-0,003009201;-0,032076667;-0,025225212;;
2154;1;-0,00288691;-0,030773105;-0,024200086;;
2155;1;-0,002765503;-0,029478966;-0,023182369;;
2156;1;-0,002643799;-0,028181659;-0,022162163;;
2157;1;-0,00252106;-0,026873315;-0,021133276;;
2158;1;-0,002397171;-0,025552721;-0,020094756;;
2159;1;-0,002273154;-0,024230761;-0,019055162;;
2160;1;-0,00215037;-0,022921933;-0,018025894;;
2161;1;-0,002027373;-0,021610848;-0,016994852;;
2162;1;-0,00190425;-0,020298413;-0,015962748;;
2163;1;-0,001780891;-0,018983466;-0,014928669;;
2164;1;-0,001657033;-0,017663193;-0,013890401;;
2165;1;-0,00153273;-0,01633818;-0,012848406;;
2166;1;-0,001408412;-0,015013015;-0,011806291;;
2167;1;-0,001286837;-0,013717078;-0,010787162;;
2168;1;-0,001165156;-0,01242002;-0,009767151;;
2169;1;-0,001044914;-0,011138294;-0,008759196;;
2170;1;-0,000924647;-0,009856306;-0,007751036;;
2171;1;-0,000807479;-0,008607344;-0,006768848;;
2172;1;-0,000697857;-0,007438831;-0,005849925;;
2173;1;-0,000589443;-0,006283187;-0,004941122;;
2174;1;-0,000496438;-0,005291793;-0,004161486;;
2175;1;-0,000404078;-0,004307278;-0,00338726;;
2176;1;-0,000320193;-0,003413106;-0,00268408;;
2177;1;-0,000233503;-0,002489036;-0,001957387;;
2178;1;-0,000107509;-0,00114599;-0,000901211;;
2179;1;1,86E-05;0,000198211;0,000155874;;
2180;1;0,000139865;0,001490899;0,001172449;;
2181;1;0,000240439;0,00256297;0,002015529;;
2182;1;0,00034091;0,003633942;0,002857746;;
2183;1;0,000434253;0,004628938;0,003640215;;
2184;1;0,000528203;0,005630395;0,004427763;;
2185;1;0,000626237;0,006675392;0,005249554;;
2186;1;0,000724528;0,007723127;0,006073496;;
2187;1;0,000821133;0,008752891;0,006883306;;
2188;1;0,000914825;0,009751601;0,007668695;;
2189;1;0,001008783;0,010753153;0,00845632;;
2190;1;0,001099844;0,011723818;0,009219654;;
2191;1;0,001191291;0,012698607;0,009986232;;
2192;1;0,001281243;0,013657454;0,010740273;;
2193;1;0,00137159;0,014620507;0,011497622;;
2194;1;0,001459883;0,015561671;0,012237757;;
2195;1;0,001545304;0,016472212;0,01295381;;
2196;1;0,001631436;0,017390341;0,01367583;;
2197;1;0,001719242;0,018326316;0,014411883;;
2198;1;0,00180773;0,019269551;0,015153648;;
2199;1;0,00189678;0,020218783;0,015900127;;
2200;1;0,001986423;0,021174335;0,016651576;;
2201;1;0,002075008;0,022118615;0,017394162;;
2202;1;0,002163768;0,023064749;0,018138206;;
2203;1;0,002253418;0,024020384;0,018889721;;
2204;1;0,002345998;0,025007236;0,019665785;;
2205;1;0,002439498;0,026003907;0,02044957;;
2206;1;0,002536245;0,027035179;0,021260566;;
2207;1;0,002633984;0,028077037;0,022079887;;
2208;1;0,002735801;0,029162353;0,022933384;;
2209;1;0,002838495;0,030257027;0,02379424;;
2210;1;0,002943761;0,031379109;0,024676649;;
2211;1;0,003052337;0,032536485;0,025586814;;
2212;1;0,003161797;0,033703274;0,026504382;;
2213;1;0,003273723;0,034896349;0,02744262;;
2214;1;0,003386756;0,036101227;0,028390141;;
2215;1;0,003505631;0,037368383;0,029386637;;
2216;1;0,003625626;0,03864747;0,030392516;;
2217;1;0,003752056;0,039995156;0,031452341;;
2218;1;0,003883452;0,041395779;0,032553796;;
2219;1;0,004015852;0,042807098;0,033663663;;
2220;1;0,004152746;0,044266328;0,034811207;;
2221;1;0,004290483;0,045734535;0,03596581;;
2222;1;0,004430869;0,047230982;0,037142622;;
2223;1;0,004572233;0,048737859;0,038327636;;
2224;1;0,004719103;0,050303425;0,039558802;;
2225;1;0,004871388;0,051926717;0,040835366;;
2226;1;0,005024365;0,053557378;0,042117723;;
2227;1;0,005178486;0,055200238;0,043409675;;
2228;1;0,005333489;0,056852493;0,044709014;;
2229;1;0,005492946;0,058552224;0,046045689;;
2230;1;0,005653286;0,060261377;0,047389773;;
2231;1;0,005818679;0,062024396;0,048776218;;
2232;1;0,005987452;0,06382343;0,050190986;;
2233;1;0,006157099;0,065631785;0,051613082;;
2234;1;0,006331893;0,06749501;0,05307833;;
2235;1;0,006507319;0,069364971;0,054548874;;
2236;1;0,00668436;0,071252144;0,056032954;;
2237;1;0,006861936;0,073145024;0,057521522;;
2238;1;0,007040221;0,075045452;0,059016026;;
2239;1;0,007221867;0,076981713;0,060538709;;
2240;1;0,007404054;0,078923747;0,062065931;;
2241;1;0,007588224;0,080886909;0,063609769;;
2242;1;0,007772786;0,082854258;0,0651569;;
2243;1;0,007958108;0,084829697;0,066710393;;
2244;1;0,008143708;0,086808115;0,068266228;;
2245;1;0,008328918;0,088782362;0,069818783;;
2246;1;0,008514434;0,090759874;0,071373906;;
2247;1;0,008700447;0,092742682;0,072933194;;
2248;1;0,008887337;0,094734844;0,074499838;;
2249;1;0,009074536;0,0967303;0,076069071;;
2250;1;0,009263171;0,098741064;0,077650344;;
2251;1;0,009452012;0,100754019;0,079233339;;
2252;1;0,009640922;0,102767714;0,080816916;;
2253;1;0,009830052;0,104783749;0,082402335;;
2254;1;0,010020528;0,106814135;0,083999038;;
2255;1;0,010212182;0,108857073;0,085605612;;
2256;1;0,010404116;0,110902996;0,087214533;;
2257;1;0,010598898;0,112979285;0,088847334;;
2258;1;0,010793635;0,115055088;0,090479754;;
2259;1;0,010986638;0,117112413;0,092097642;;
2260;1;0,011179539;0,119168642;0,093714668;;
2261;1;0,011370531;0,121204534;0,095315701;;
2262;1;0,011562305;0,12324875;0,096923281;;
2263;1;0,011753977;0,125291886;0,09853001;;
2264;1;0,01194474;0,127325328;0,100129117;;
2265;1;0,012135408;0,129357757;0,101727426;;
2266;1;0,012325919;0,131388519;0,103324426;;
2267;1;0,012516255;0,133417416;0,104919957;;
2268;1;0,012705604;0,13543578;0,106507207;;
2269;1;0,012894978;0,137454417;0,10809467;;
2270;1;0,013084181;0,139471238;0,109680706;;
2271;1;0,013273296;0,141487114;0,111265998;;
2272;1;0,013462095;0,143499619;0,11284864;;
2273;1;0,013649617;0,145498515;0,114420579;;
2274;1;0,013836851;0,147494343;0,115990106;;
2275;1;0,014023856;0,149487733;0,117557715;;
2276;1;0,014208512;0,151456082;0,119105632;;
2277;1;0,014392895;0,153421516;0,120651257;;
2278;1;0,0145786;0,155401043;0,122207965;;
2279;1;0,014763832;0,15737553;0,123760708;;
2280;1;0,014948147;0,159340237;0,125305761;;
2281;1;0,015131816;0,16129807;0,126845409;;
2282;1;0,01531251;0,163224182;0,128360111;;
2283;1;0,015492778;0,165145751;0,12987124;;
2284;1;0,015673768;0,167075015;0,13138842;;
2285;1;0,015852449;0,168979678;0,132886254;;
2286;1;0,016030418;0,170876747;0,134378117;;
2287;1;0,016205831;0,172746559;0,135848543;;
2288;1;0,016380495;0,174608402;0,137312704;;
2289;1;0,016552194;0,176438633;0,138752004;;
2290;1;0,016723225;0,178261738;0,140185701;;
2291;1;0,016892935;0,180070775;0,141608334;;
2292;1;0,017060043;0,181852062;0,143009145;;
2293;1;0,017226276;0,183624028;0,144402626;;
2294;1;0,017388715;0,185355548;0,1457643;;
2295;1;0,017550454;0,187079609;0,147120108;;
2296;1;0,01771027;0,188783177;0,148459801;;
2297;1;0,017869371;0,190479117;0,149793494;;
2298;1;0,018026777;0,192156997;0,151112985;;
2299;1;0,018181617;0,19380751;0,152410955;;
2300;1;0,018335753;0,195450536;0,153703037;;
2301;1;0,018488769;0,197081607;0,154985717;;
2302;1;0,018640785;0,198702031;0,156260024;;
2303;1;0,018787377;0,200264635;0,157488862;;
2304;1;0,018933015;0,201817066;0,1587097;;
2305;1;0,019074062;0,203320564;0,159892056;;
2306;1;0,019208476;0,204753351;0,161018805;;
2307;1;0,019341836;0,206174903;0,162136719;;
2308;1;0,019468911;0,207529467;0,163201953;;
2309;1;0,019595015;0,208873671;0,16425904;;
2310;1;0,019716887;0,210172777;0,165280662;;
2311;1;0,019837678;0,211460345;0,16629321;;
2312;1;0,019952922;0,2126888;0,167259272;;
2313;1;0,02006498;0,213883278;0,168198614;;
2314;1;0,020175936;0,215066019;0,169128726;;
2315;1;0,020282627;0,216203302;0,17002309;;
2316;1;0,020388383;0,21733061;0,170909609;;
2317;1;0,020492321;0,218438538;0,171780887;;
2318;1;0,020595744;0,21954098;0,172647852;;
2319;1;0,020703539;0,220690018;0,17355146;;
2320;1;0,020810547;0,221830681;0,174448482;;
2321;1;0,020917468;0,222970405;0,175344765;;
2322;1;0,021019391;0,224056852;0,176199151;;
2323;1;0,021120432;0,225133902;0,177046147;;
2324;1;0,021219311;0,226187909;0,177875022;;
2325;1;0,02131737;0,22723317;0,178697019;;
2326;1;0,021413817;0,228261255;0,179505509;;
2327;1;0,021509206;0,229278051;0,180305122;;
2328;1;0,021599579;0,230241387;0,181062693;;
2329;1;0,021685724;0,23115965;0,181784818;;
2330;1;0,021770902;0,232067609;0,18249884;;
2331;1;0,021852899;0,232941658;0,183186196;;
2332;1;0,021933651;0,233802435;0,183863114;;
2333;1;0,022007952;0,234594453;0,18448596;;
2334;1;0,022081352;0,235376864;0,185101251;;
2335;1;0,022153578;0,236146757;0,185706698;;
2336;1;0,022219988;0,236854652;0,186263389;;
2337;1;0,022285169;0,237549457;0,186809786;;
2338;1;0,022345628;0,238193925;0,187316598;;
2339;1;0,022404827;0,238824954;0,187812842;;
2340;1;0,022459958;0,239412626;0,188274989;;
2341;1;0,022513589;0,239984309;0,188724563;;
2342;1;0,022561334;0,24049325;0,189124796;;
2343;1;0,02260459;0,240954331;0,189487392;;
2344;1;0,022646284;0,241398772;0,189836902;;
2345;1;0,02268558;0,241817647;0,190166307;;
2346;1;0,022723331;0,24222006;0,190482766;;
2347;1;0,02276116;0,242623298;0,190799874;;
2348;1;0,022797326;0,243008813;0,191103045;;
2349;1;0,022834211;0,243401991;0,191412241;;
2350;1;0,022871762;0,243802263;0,191727017;;
2351;1;0,022907419;0,244182348;0,192025917;;
2352;1;0,022943241;0,244564197;0,192326205;;
2353;1;0,022977033;0,244924403;0,192609471;;
2354;1;0,023010641;0,245282648;0,192891197;;
2355;1;0,023042062;0,245617585;0,193154593;;
2356;1;0,023072633;0,245943457;0,193410859;;
2357;1;0,023100715;0,24624279;0,193646256;;
2358;1;0,023124478;0,246496094;0,193845455;;
2359;1;0,023143277;0,246696483;0,194003042;;
2360;1;0,023159338;0,246867686;0,194137676;;
2361;1;0,023171839;0,24700094;0,194242468;;
2362;1;0,02318133;0,247102113;0,194322031;;
2363;1;0,023185867;0,247150473;0,194360061;;
2364;1;0,02318738;0,247166599;0,194372743;;
2365;1;0,023185199;0,247143355;0,194354464;;
2366;1;0,023178104;0,247067724;0,194294987;;
2367;1;0,023167792;0,246957805;0,194208546;;
2368;1;0,02315395;0,246810251;0,194092509;;
2369;1;0,023137005;0,246629634;0,193950471;;
2370;1;0,023119155;0,246439357;0,193800837;;
2371;1;0,023098068;0,246214574;0,193624067;;
2372;1;0,023075276;0,245971625;0,193433011;;
2373;1;0,0230458;0,245657429;0,193185926;;
2374;1;0,023012542;0,245302915;0,192907135;;
2375;1;0,022972787;0,244879143;0,192573879;;
2376;1;0,022929486;0,244417571;0,192210897;;
2377;1;0,022883836;0,243930963;0,191828226;;
2378;1;0,02283446;0,243404644;0,191414327;;
2379;1;0,022782013;0,242845581;0,190974678;;
2380;1;0,02272273;0,242213654;0,190477728;;
2381;1;0,022659483;0,241539463;0,189947542;;
2382;1;0,022591001;0,240809485;0,189373485;;
2383;1;0,022518298;0,240034506;0,188764038;;
2384;1;0,022438675;0,239185762;0,188096582;;
2385;1;0,022354896;0,238292713;0,187394285;;
2386;1;0,022265979;0,237344902;0,186648923;;
2387;1;0,022172748;0,236351104;0,185867397;;
2388;1;0,022072997;0,235287804;0,185031214;;
2389;1;0,021965303;0,234139834;0,184128446;;
2390;1;0,021853209;0,232944967;0,183188798;;
2391;1;0,021734628;0,231680947;0,182194768;;
2392;1;0,021611406;0,230367464;0,18116184;;
2393;1;0,021479109;0,228957236;0,180052831;;
2394;1;0,021341978;0,227495477;0,178903299;;
2395;1;0,021193745;0,225915385;0,177660709;;
2396;1;0,021035387;0,224227369;0,176333246;;
2397;1;0,020872348;0,222489443;0,174966535;;
2398;1;0,020702317;0,220676998;0,173541221;;
2399;1;0,020527594;0,218814526;0,172076566;;
2400;1;0,020346376;0,216882827;0,17055747;;
2401;1;0,020160313;0,214899491;0,168997768;;
2402;1;0,019965787;0,212825926;0,167367109;;
2403;1;0,019762167;0,210655437;0,165660227;;
2404;1;0,019553967;0,208436122;0,16391495;;
2405;1;0,019342002;0,206176681;0,162138117;;
2406;1;0,01912551;0,20386897;0,160323324;;
2407;1;0,018906467;0,201534082;0,15848716;;
2408;1;0,018682714;0,199148973;0,156611501;;
2409;1;0,018454591;0,196717288;0,154699215;;
2410;1;0,018223434;0,19425326;0,152761494;;
2411;1;0,017987848;0,191742032;0,150786655;;
2412;1;0,017751504;0,18922271;0,14880545;;
2413;1;0,017510367;0,186652304;0,146784074;;
2414;1;0,017262112;0,184006022;0,144703027;;
2415;1;0,017009394;0,181312171;0,142584573;;
2416;1;0,016752998;0,178579103;0,140435278;;
2417;1;0,016487784;0,175752053;0,138212075;;
2418;1;0,016218126;0,172877625;0,135951614;;
2419;1;0,01594373;0,169952685;0,133651431;;
2420;1;0,015664974;0,166981285;0,13131471;;
2421;1;0,015380275;0,163946524;0,128928163;;
2422;1;0,015091532;0,160868653;0,126507714;;
2423;1;0,014800106;0,157762192;0,124064781;;
2424;1;0,014504664;0,15461292;0,121588182;;
2425;1;0,01420537;0,151422584;0,11907929;;
2426;1;0,013903081;0,148200326;0,116545294;;
2427;1;0,013597199;0,144939768;0,113981178;;
2428;1;0,013289074;0,141655299;0,11139826;;
2429;1;0,012977444;0,13833347;0,108785961;;
2430;1;0,012662816;0,134979681;0,106148529;;
2431;1;0,012345097;0,131592944;0,103485186;;
2432;1;0,012029103;0,128224597;0,100836305;;
2433;1;0,011713624;0,124861745;0,098191746;;
2434;1;0,011395408;0,121469712;0,095524238;;
2435;1;0,011079984;0,118107441;0,092880135;;
2436;1;0,010762195;0,114719949;0,090216199;;
2437;1;0,010450333;0,111395655;0,087601962;;
2438;1;0,010136335;0,108048576;0,084969806;;
2439;1;0,009829684;0,104779829;0,082399251;;
2440;1;0,009528332;0,101567548;0,079873102;;
2441;1;0,009225076;0,098334985;0,077331002;;
2442;1;0,008928076;0,095169101;0,074841339;;
2443;1;0,008629199;0,091983218;0,072335949;;
2444;1;0,008333817;0,088834582;0,069859849;;
2445;1;0,008036824;0,085668772;0,067370244;;
2446;1;0,007745401;0,082562343;0,064927337;;
2447;1;0,00745984;0,079518401;0,06253357;;
2448;1;0,007172845;0,076459165;0,060127774;;
2449;1;0,006887968;0,073422509;0,057739737;;
2450;1;0,006602152;0,070375848;0,055343832;;
2451;1;0,006323863;0,067409418;0,05301102;;
2452;1;0,006044421;0,064430694;0,05066854;;
2453;1;0,005767146;0,061475076;0,048344231;;
2454;1;0,005490582;0,058527035;0,04602588;;
2455;1;0,005213086;0,055569057;0,043699716;;
2456;1;0,004936313;0,052618786;0,041379611;;
2457;1;0,004658421;0,049656585;0,039050125;;
2458;1;0,004375899;0,046645031;0,036681828;;
2459;1;0,004092492;0,043624042;0,03430611;;
2460;1;0,003808163;0,040593234;0,031922672;;
2461;1;0,003522903;0,037552497;0,029531425;;
2462;1;0,00323385;0,03447133;0,027108383;;
2463;1;0,002940235;0,031341524;0,024647093;;
2464;1;0,002645824;0,028203248;0,02217914;;
2465;1;0,002344451;0,024990749;0,019652819;;
2466;1;0,002042539;0,021772508;0,017121982;;
2467;1;0,001734325;0,018487092;0,014538319;;
2468;1;0,001425774;0,015198077;0,011951825;;
2469;1;0,001109787;0,011829814;0,00930301;;
2470;1;0,000788061;0,00840036;0,006606074;;
2471;1;0,000466616;0,004973906;0,003911498;;
2472;1;0,000141003;0,001503031;0,001181989;;
2473;1;-0,000183814;-0,001959375;-0,00154086;;
2474;1;-0,000508399;-0,005419298;-0,004261756;;
2475;1;-0,000831528;-0,008863699;-0,006970446;;
2476;1;-0,001146557;-0,012221763;-0,00961124;;
2477;1;-0,001459936;-0,015562237;-0,012238202;;
2478;1;-0,001772336;-0,01889227;-0,014856952;;
2479;1;-0,002087001;-0,022246449;-0,017494691;;
2480;1;-0,002400659;-0,025589896;-0,02012399;;
2481;1;-0,00272004;-0,02899435;-0,022801266;;
2482;1;-0,003037897;-0,032382562;-0,025465768;;
2483;1;-0,003359532;-0,035811042;-0,028161938;;
2484;1;-0,003681609;-0,039244228;-0,030861809;;
2485;1;-0,004001447;-0,042653549;-0,033542912;;
2486;1;-0,00432024;-0,04605173;-0,036215254;;
2487;1;-0,004636975;-0,049427977;-0,038870347;;
2488;1;-0,004957229;-0,05284174;-0,041554943;;
2489;1;-0,005275228;-0,056231458;-0,04422063;;
2490;1;-0,005598834;-0,059680947;-0,046933321;;
2491;1;-0,00592883;-0,063198549;-0,049699577;;
2492;1;-0,006255733;-0,066683182;-0,052439905;;
2493;1;-0,006584594;-0,070188684;-0,055196645;;
2494;1;-0,006910281;-0,073660357;-0,057926782;;
2495;1;-0,007241476;-0,077190739;-0,060703088;;
2496;1;-0,007568995;-0,080681936;-0,063448578;;
2497;1;-0,007898341;-0,084192616;-0,06620939;;
2498;1;-0,008223707;-0,087660862;-0,068936832;;
2499;1;-0,008551063;-0,091150325;-0,071680959;;
2500;1;-0,008876228;-0,094616435;-0,07440672;;
2501;1;-0,009196617;-0,09803163;-0,077092442;;
2502;1;-0,009512518;-0,101398979;-0,079740538;;
2503;1;-0,00981887;-0,104664554;-0,082308599;;
2504;1;-0,010055003;-0,107181618;-0,084288028;;
2505;1;-0,010288186;-0,109667235;-0,086242726;;
2506;1;-0,010557554;-0,112538575;-0,088500758;;
2507;1;-0,010831565;-0,115459408;-0,090797713;;
2508;1;-0,011100254;-0,118323509;-0,093050053;;
2509;1;-0,011367809;-0,121175512;-0,095292878;;
2510;1;-0,011630858;-0,123979492;-0,097497939;;
2511;1;-0,011907378;-0,12692707;-0,099815925;;
2512;1;-0,012178567;-0,129817821;-0,102089222;;
2513;1;-0,012447866;-0,132688423;-0,104346674;;
2514;1;-0,012716868;-0,135555853;-0,106601632;;
2515;1;-0,01298026;-0,138363489;-0,108809568;;
2516;1;-0,013236868;-0,141098812;-0,110960637;;
2517;1;-0,013487574;-0,143771222;-0,11306223;;
2518;1;-0,013726036;-0,146313111;-0,115061181;;
2519;1;-0,013958511;-0,148791188;-0,11700995;;
2520;1;-0,01417403;-0,151088518;-0,118816578;;
2521;1;-0,014372138;-0,153200258;-0,120477259;;
2522;1;-0,014564347;-0,155249117;-0,12208849;;
2523;1;-0,01473853;-0,15710582;-0,123548608;;
2524;1;-0,014907133;-0,158903051;-0,124961957;;
2525;1;-0,015061689;-0,160550544;-0,126257551;;
2526;1;-0,015210859;-0,162140627;-0,127507998;;
2527;1;-0,015348206;-0,163604682;-0,128659337;;
2528;1;-0,015480039;-0,165009962;-0,129764455;;
2529;1;-0,015598741;-0,166275263;-0,130759492;;
2530;1;-0,015702998;-0,167386598;-0,13163345;;
2531;1;-0,015802027;-0,168442199;-0,132463579;;
2532;1;-0,015892148;-0,169402853;-0,13321904;;
2533;1;-0,015976635;-0,170303436;-0,133927262;;
2534;1;-0,016046178;-0,171044736;-0,134510223;;
2535;1;-0,016110431;-0,171729643;-0,135048837;;
2536;1;-0,016164466;-0,172305627;-0,135501793;;
2537;1;-0,016207596;-0,172765375;-0,13586334;;
2538;1;-0,016245488;-0,173169287;-0,136180978;;
2539;1;-0,016273189;-0,173464568;-0,136413188;;
2540;1;-0,016295886;-0,173706503;-0,136603447;;
2541;1;-0,016311866;-0,173876851;-0,136737409;;
2542;1;-0,016322631;-0,173991593;-0,136827643;;
2543;1;-0,016322774;-0,173993123;-0,136828846;;
2544;1;-0,01631283;-0,173887121;-0,136745486;;
2545;1;-0,016297981;-0,173728843;-0,136621015;;
2546;1;-0,016277021;-0,17350541;-0,136445307;;
2547;1;-0,016251225;-0,173230442;-0,136229071;;
2548;1;-0,01621967;-0,172894085;-0,135964558;;
2549;1;-0,016183087;-0,172504125;-0,135657893;;
2550;1;-0,01613829;-0,172026603;-0,135282367;;
2551;1;-0,01609117;-0,17152433;-0,134887378;;
2552;1;-0,016039444;-0,170972957;-0,134453776;;
2553;1;-0,015984684;-0,170389241;-0,13399474;;
2554;1;-0,015925439;-0,169757716;-0,133498106;;
2555;1;-0,01586486;-0,169111975;-0,132990293;;
2556;1;-0,015799764;-0,168418076;-0,132444608;;
2557;1;-0,015732812;-0,167704406;-0,131883375;;
2558;1;-0,015664852;-0,166979984;-0,131313688;;
2559;1;-0,015592552;-0,1662093;-0,130707619;;
2560;1;-0,015520857;-0,165445059;-0,130106617;;
2561;1;-0,015444584;-0,164632024;-0,129467243;;
2562;1;-0,01536481;-0,163781674;-0,128798525;;
2563;1;-0,015280785;-0,162886003;-0,128094165;;
2564;1;-0,015197324;-0,16199635;-0,127394539;;
2565;1;-0,015109497;-0,161060156;-0,126658313;;
2566;1;-0,015020692;-0,160113538;-0,125913888;;
2567;1;-0,0149318;-0,159165985;-0,125168729;;
2568;1;-0,014838605;-0,158172572;-0,124387505;;
2569;1;-0,01474368;-0,15716072;-0,123591781;;
2570;1;-0,014644761;-0,156106288;-0,122762572;;
2571;1;-0,014547224;-0,155066586;-0,121944947;;
2572;1;-0,014445653;-0,153983887;-0,121093507;;
2573;1;-0,014343921;-0,152899478;-0,120240724;;
2574;1;-0,014242904;-0,151822684;-0,119393929;;
2575;1;-0,014137918;-0,150703575;-0,118513858;;
2576;1;-0,014032067;-0,149575255;-0,117626543;;
2577;1;-0,01392241;-0,14840637;-0,116707327;;
2578;1;-0,013813504;-0,147245475;-0,115794395;;
2579;1;-0,013700931;-0,146045504;-0,114850734;;
2580;1;-0,013589743;-0,144860293;-0,113918679;;
2581;1;-0,013479663;-0,14368689;-0,112995911;;
2582;1;-0,013366046;-0,142475782;-0,112043491;;
2583;1;-0,013253766;-0,141278936;-0,111102287;;
2584;1;-0,013138092;-0,140045898;-0,110132621;;
2585;1;-0,013025339;-0,138844004;-0,109187447;;
2586;1;-0,012909341;-0,137607529;-0,108215078;;
2587;1;-0,012797968;-0,136420341;-0,107281469;;
2588;1;-0,012692292;-0,135293888;-0,106395622;;
2589;1;-0,012583521;-0,134134432;-0,105483822;;
2590;1;-0,012480162;-0,133032674;-0,104617395;;
2591;1;-0,012373446;-0,131895136;-0,103722831;;
2592;1;-0,012267349;-0,130764187;-0,102833449;;
2593;1;-0,012158303;-0,129601816;-0,101919356;;
2594;1;-0,012055462;-0,128505571;-0,101057264;;
2595;1;-0,011962494;-0,127514576;-0,100277942;;
2596;1;-0,011866635;-0,126492766;-0,099474387;;
2597;1;-0,011774825;-0,125514113;-0,09870477;;
2598;1;-0,011679943;-0,124502719;-0,097909406;;
2599;1;-0,011585469;-0,123495674;-0,097117462;;
2600;1;-0,011488245;-0,122459304;-0,096302457;;
2601;1;-0,011395378;-0,121469386;-0,095523982;;
2602;1;-0,011299725;-0,120449768;-0,094722151;;
2603;1;-0,011207506;-0,119466763;-0,093949111;;
2604;1;-0,011115816;-0,118489388;-0,0931805;;
2605;1;-0,011021444;-0,117483423;-0,092389405;;
2606;2;-0,010929856;-0,116507141;-0,091621654;;
2607;2;-0,010835616;-0,115502586;-0,090831668;;
2608;2;-0,010744129;-0,114527378;-0,090064761;;
2609;2;-0,010650051;-0,113524553;-0,089276135;;
2610;2;-0,010558901;-0,112552934;-0,088512051;;
2611;2;-0,010466105;-0,111563777;-0,087734174;;
2612;2;-0,010370845;-0,110548345;-0,086935634;;
2613;2;-0,010278114;-0,109559873;-0,086158296;;
2614;2;-0,010182827;-0,108544161;-0,085359537;;
2615;2;-0,010088077;-0,107534175;-0,084565279;;
2616;2;-0,009990915;-0,106498467;-0,083750795;;
2617;2;-0,009896004;-0,105486766;-0,082955189;;
2618;2;-0,009810903;-0,104579627;-0,082241812;;
2619;2;-0,00972375;-0,103650622;-0,081511239;;
2620;2;-0,009641915;-0,102778291;-0,080825234;;
2621;2;-0,009557599;-0,101879525;-0,080118442;;
2622;2;-0,009472826;-0,100975887;-0,079407817;;
2623;2;-0,009384791;-0,100037471;-0,078669843;;
2624;2;-0,009287137;-0,098996524;-0,077851239;;
2625;2;-0,009182141;-0,09787732;-0,076971093;;
2626;2;-0,009074338;-0,096728192;-0,076067414;;
2627;2;-0,008960885;-0,095518835;-0,075116371;;
2628;2;-0,008845689;-0,094290901;-0,074150719;;
2629;2;-0,008737928;-0,093142218;-0,073247391;;
2630;2;-0,008628928;-0,091980332;-0,072333679;;
2631;2;-0,008533217;-0,090960095;-0,071531361;;
2632;2;-0,008415065;-0,089700645;-0,070540925;;
2633;2;-0,008296122;-0,088432767;-0,06954386;;
2634;2;-0,008197493;-0,08738143;-0,068717085;;
2635;2;-0,008096267;-0,086302407;-0,067868538;;
2636;2;-0,00799055;-0,08517552;-0,066982349;;
2637;2;-0,007881123;-0,084009079;-0,066065056;;
2638;2;-0,007750959;-0,082621589;-0,064973928;;
2639;2;-0,007617785;-0,081202016;-0,063857571;;
2640;2;-0,007471319;-0,079640763;-0,062629795;;
2641;2;-0,007313828;-0,077961973;-0,061309589;;
2642;2;-0,007153994;-0,076258222;-0,059969753;;
2643;2;-0,006988007;-0,074488875;-0,058578332;;
2644;2;-0,006819934;-0,072697297;-0,057169428;;
2645;2;-0,006648549;-0,070870415;-0,055732761;;
2646;2;-0,006475405;-0,069024784;-0,05428135;;
2647;2;-0,006302295;-0,067179513;-0,052830221;;
2648;2;-0,006121189;-0,065249002;-0,05131206;;
2649;2;-0,005938122;-0,063297597;-0,049777468;;
2650;2;-0,005751544;-0,061308759;-0,048213438;;
2651;2;-0,00556302;-0,059299188;-0,046633105;;
2652;2;-0,005370342;-0,057245329;-0,045017942;;
2653;2;-0,005176555;-0,055179653;-0,043393487;;
2654;2;-0,004990835;-0,053199957;-0,041836647;;
2655;2;-0,004812826;-0,051302467;-0,040344453;;
2656;2;-0,004632667;-0,049382061;-0,038834239;;
2657;2;-0,00444662;-0,047398885;-0,037274662;;
2658;2;-0,004258526;-0,045393886;-0,035697923;;
2659;2;-0,004065347;-0,043334689;-0,034078562;;
2660;2;-0,003870134;-0,041253815;-0,032442155;;
2661;2;-0,00366885;-0,039108219;-0,030754851;;
2662;2;-0,003462252;-0,036905987;-0,029023007;;
2663;2;-0,003253903;-0,03468508;-0,027276477;;
2664;2;-0,003042083;-0,032427179;-0,025500855;;
2665;2;-0,002828654;-0,030152123;-0,023711743;;
2666;2;-0,002613208;-0,027855572;-0,021905727;;
2667;2;-0,002395868;-0,02553883;-0,020083832;;
2668;2;-0,002172074;-0,023153292;-0,018207836;;
2669;2;-0,001944848;-0,020731165;-0,016303066;;
2670;2;-0,001716001;-0,018291769;-0,014384716;;
2671;2;-0,00148403;-0,015819063;-0,012440171;;
2672;2;-0,001250674;-0,013331595;-0,010484016;;
2673;2;-0,001017142;-0,010842261;-0,008526395;;
2674;2;-0,000782067;-0,008336464;-0,006555827;;
2675;2;-0,000544008;-0,00579887;-0,004560253;;
2676;2;-0,000304679;-0,003247737;-0,002554033;;
2677;2;-6,57E-05;-0,000700282;-0,000550704;;
2678;2;0,000170885;0,001821555;0,001432478;;
2679;2;0,00040862;0,004355694;0,003425334;;
2680;2;0,000645075;0,006876199;0,005407469;;
2681;2;0,000882729;0,009409483;0,007399653;;
2682;2;0,001120267;0,011941518;0,009390855;;
2683;2;0,001358854;0,014484749;0,011390861;;
2684;2;0,00159521;0,017004192;0,013372161;;
2685;2;0,001833056;0,019539521;0,015365953;;
2686;2;0,002072063;0,022087216;0,01736947;;
2687;2;0,002311414;0,024638585;0,019375876;;
2688;2;0,002551811;0,027201108;0,021391053;;
2689;2;0,002791255;0,029753467;0,023398238;;
2690;2;0,003031657;0,032316047;0,025413461;;
2691;2;0,00327068;0,034863913;0,027417112;;
2692;2;0,003510038;0,03741536;0,02942358;;
2693;2;0,003750464;0,039978187;0,031438997;;
2694;2;0,003992089;0,042553796;0,033464465;;
2695;2;0,00423478;0,045140767;0,035498869;;
2696;2;0,004479402;0,047748325;0,037549462;;
2697;2;0,004724762;0,050363746;0,039606239;;
2698;2;0,004967583;0,052952102;0,041641732;;
2699;2;0,0052069;0,055503116;0,043647859;;
2700;2;0,005446869;0,058061069;0,045659443;;
2701;2;0,005684063;0,060589446;0,047647768;;
2702;2;0,005921756;0,063123146;0,049640279;;
2703;2;0,006154837;0,065607673;0,051594121;;
2704;2;0,006388529;0,068098722;0,053553091;;
2705;2;0,006619541;0,070561203;0,055489595;;
2706;2;0,00685103;0,073028771;0,0574301;;
2707;2;0,00707794;0,075447524;0,059332216;;
2708;2;0,007301056;0,077825834;0,061202528;;
2709;2;0,007524735;0,080210145;0,06307756;;
2710;2;0,00774605;0,082569258;0,064932775;;
2711;2;0,007967626;0,08493116;0,066790184;;
2712;2;0,00818273;0,087224062;0,06859333;;
2713;2;0,008398359;0,089522574;0,070400889;;
2714;2;0,008611039;0,091789642;0,072183719;;
2715;2;0,00882048;0,094022185;0,0739394;;
2716;2;0,009030402;0,096259852;0,07569911;;
2717;2;0,009237271;0,098464976;0,077433228;;
2718;2;0,009444452;0,100673431;0,079169965;;
2719;2;0,009646192;0,10282388;0,080861086;;
2720;2;0,009848547;0,104980895;0,08255737;;
2721;2;0,010049451;0,107122441;0,08424149;;
2722;2;0,010246042;0,109218009;0,085889453;;
2723;2;0,010443143;0,111319009;0,087541687;;
2724;2;0,010637462;0,113390364;0,089170609;;
2725;2;0,010832343;0,115467699;0,090804232;;
2726;2;0,011025278;0,117524295;0,092421547;;
2727;2;0,011218932;0,119588558;0,094044892;;
2728;2;0,01141277;0,121654782;0,095669778;;
2729;2;0,011603605;0,123688989;0,097269486;;
2730;2;0,01179512;0,12573045;0,098874899;;
2731;2;0,011986058;0,12776576;0,100475474;;
2732;2;0,01217759;0,1298074;0,102081028;;
2733;2;0,012367275;0,13182936;0,103671105;;
2734;2;0,012557617;0,133858313;0,10526668;;
2735;2;0,012746739;0,135874258;0,106852028;;
2736;2;0,0129338;0,137868248;0,108420109;;
2737;2;0,01312169;0,139871062;0,109995129;;
2738;2;0,013310227;0,141880785;0,111575583;;
2739;2;0,013499807;0,14390162;0,113164775;;
2740;2;0,013693216;0,145963267;0,114786062;;
2741;2;0,013887541;0,148034682;0,11641503;;
2742;2;0,014084394;0,15013304;0,118065187;;
2743;2;0,014281943;0,15223882;0,11972118;;
2744;2;0,01447918;0,154341273;0,121374557;;
2745;2;0,014674968;0,156428282;0,123015789;;
2746;2;0,014871571;0,158523976;0,124663851;;
2747;2;0,015070156;0,160640795;0,126328525;;
2748;2;0,015269141;0,162761888;0,127996561;;
2749;2;0,01546423;0,164841441;0,129631929;;
2750;2;0,015659926;0,166927476;0,131272395;;
2751;2;0,015855229;0,169009311;0,132909558;;
2752;2;0,016056457;0,171154302;0,134596387;;
2753;2;0,016257918;0,173301785;0,136285175;;
2754;2;0,016454527;0,175397546;0,137933289;;
2755;2;0,016651549;0,177497713;0,139584869;;
2756;2;0,016846473;0,179575511;0,141218857;;
2757;2;0,017041698;0,181656511;0,142855363;;
2758;2;0,01723398;0,183706147;0,144467205;;
2759;2;0,017425955;0,185752512;0,146076474;;
2760;2;0,017618385;0,187803722;0,147689553;;
2761;2;0,017811655;0,189863898;0,149309683;;
2762;2;0,018004682;0,191921468;0,150927764;;
2763;2;0,018188888;0,193885023;0,152471911;;
2764;2;0,018372515;0,195842398;0,154011198;;
2765;2;0,018542052;0,197649585;0,155432377;;
2766;2;0,01870333;0,199368727;0,156784316;;
2767;2;0,018864147;0,201082967;0,158132401;;
2768;2;0,019011946;0,202658433;0,159371354;;
2769;2;0,019159687;0,204233282;0,160609821;;
2770;2;0,019299713;0,205725899;0,16178362;;
2771;2;0,01944033;0,207224809;0,162962369;;
2772;2;0,019581986;0,208734788;0,164149822;;
2773;2;0,019719162;0,210197019;0,165299726;;
2774;2;0,019856287;0,211658708;0,166449204;;
2775;2;0,019985108;0,213031886;0,167529076;;
2776;2;0,020113694;0,214402547;0,168606969;;
2777;2;0,020231609;0,21565947;0,169595418;;
2778;2;0,020349335;0,216914369;0,170582276;;
2779;2;0,020456077;0,218052198;0,171477069;;
2780;2;0,02056313;0,219193329;0,172374458;;
2781;2;0,020665658;0,220286233;0,173233922;;
2782;2;0,020763173;0,221325691;0,174051355;;
2783;2;0,020860676;0,222365034;0,174868699;;
2784;2;0,020948719;0,22330353;0,175606736;;
2785;2;0,021036665;0,224240985;0,176343954;;
2786;2;0,021113708;0,225062234;0,176989787;;
2787;2;0,021191025;0,225886389;0,177637906;;
2788;2;0,021261539;0,226638041;0,178229008;;
2789;2;0,021324412;0,22730824;0,178756055;;
2790;2;0,021387438;0,227980069;0,179284384;;
2791;2;0,021441676;0,228558215;0,179739039;;
2792;2;0,021496259;0,229140049;0,180196596;;
2793;2;0,021544672;0,229656102;0,180602422;;
2794;2;0,021593486;0,230176438;0,181011616;;
2795;2;0,021636367;0,230633531;0,181371076;;
2796;2;0,021672454;0,231018207;0,181673586;;
2797;2;0,021708813;0,23140577;0,181978367;;
2798;3;0,021738422;0,231721388;0,182226571;;
2799;3;0,021768398;0,232040925;0,182477856;;
2800;3;0,02179274;0,232300391;0,182681901;;
2801;3;0,021817476;0,232564069;0,182889259;;
2802;3;0,0218363;0,232764722;0,183047052;;
2803;3;0,021851231;0,232923878;0,183172213;;
2804;3;0,021866599;0,233087696;0,183301041;;
2805;3;0,021876899;0,233197485;0,183387379;;
2806;3;0,021887669;0,233312287;0,18347766;;
2807;3;0,021893707;0,233376652;0,183528277;;
2808;3;0,021900066;0,233444436;0,183581583;;
2809;3;0,021899009;0,233433171;0,183572723;;
2810;3;0,021892914;0,233368205;0,183521634;;
2811;3;0,021887119;0,233306432;0,183473055;;
2812;3;0,021873874;0,23316524;0,183362022;;
2813;3;0,021861028;0,233028312;0,183254341;;
2814;3;0,021842365;0,23282937;0,183097892;;
2815;3;0,02182409;0,232634567;0,182944699;;
2816;3;0,021799675;0,232374314;0,182740035;;
2817;3;0,021775645;0,232118172;0,182538603;;
2818;3;0,02174487;0,23179012;0,182280622;;
2819;3;0,021709477;0,23141285;0,181983936;;
2820;3;0,021674677;0,231041902;0,18169222;;
2821;3;0,02163619;0,230631645;0,181369593;;
2822;3;0,021598285;0,23022759;0,181051842;;
2823;3;0,021556537;0,229782583;0,180701887;;
2824;3;0,021515425;0,229344344;0,180357255;;
2825;3;0,021470832;0,228869008;0,179983449;;
2826;3;0,021423404;0,228363448;0,179585874;;
2827;3;0,02137664;0,227864962;0,179193863;;
2828;3;0,021326553;0,227331062;0,178774002;;
2829;3;0,021277208;0,226805069;0,178360359;;
2830;3;0,021225478;0,226253644;0,177926717;;
2831;3;0,02117457;0,225710992;0,177499973;;
2832;3;0,021122016;0,225150792;0,17705943;;
2833;3;0,021065843;0,224552009;0,176588544;;
2834;3;0,021010463;0,223961687;0,176124313;;
2835;3;0,020953004;0,223349197;0,175642648;;
2836;3;0,020896332;0,222745104;0,175167587;;
2837;3;0,02083742;0,222117126;0,174673743;;
2838;3;0,020779306;0,221497663;0,174186595;;
2839;3;0,020718629;0,220850872;0,173677956;;
2840;3;0,020654786;0,220170334;0,173142779;;
2841;3;0,020591684;0,2194977;0,172613817;;
2842;3;0,020525188;0,218788879;0,172056397;;
2843;3;0,020459555;0,218089265;0,171506218;;
2844;3;0,020392101;0,217370235;0,17094077;;
2845;3;0,020325537;0,216660703;0,170382792;;
2846;3;0,020257134;0,215931554;0,169809386;;
2847;3;0,020185953;0,215172798;0,169212698;;
2848;3;0,020115531;0,214422136;0,168622374;;
2849;3;0,020041251;0,213630345;0,167999706;;
2850;3;0,019967808;0,212847469;0,16738405;;
2851;3;0,01989161;0,212035239;0,166745309;;
2852;3;0,01981628;0,211232256;0,16611384;;
2853;3;0,019738695;0,210405236;0,165463469;;
2854;3;0,019661897;0,20958661;0,164819698;;
2855;3;0,019581241;0,208726852;0,164143582;;
2856;3;0,019494765;0,207805055;0,163418677;;
2857;3;0,019408892;0,206889691;0,162698831;;
2858;3;0,019317088;0,205911104;0,161929266;;
2859;3;0,019225835;0,204938391;0,161164321;;
2860;3;0,019128149;0,203897103;0,160345448;;
2861;3;0,019030965;0,202861162;0,15953078;;
2862;3;0,018926155;0,201743943;0,158652195;;
2863;3;0,018812783;0,200535447;0,15770183;;
2864;3;0,018699789;0,199330988;0,156754639;;
2865;3;0,018578267;0,198035616;0,155735953;;
2866;3;0,018457162;0,196744701;0,154720772;;
2867;3;0,018328265;0,195370711;0,153640262;;
2868;3;0,018199782;0,19400115;0,152563234;;
2869;3;0,018062876;0,192541795;0,151415591;;
2870;3;0,017917269;0,190989689;0,15019501;;
2871;3;0,017772073;0,189441973;0,14897788;;
2872;3;0,017619333;0,187813837;0,147697507;;
2873;3;0,017467018;0,186190228;0,146420696;;
2874;3;0,017307453;0,184489336;0,145083107;;
2875;3;0,017148102;0,182790732;0,143747319;;
2876;3;0,016977902;0,180976477;0,142320582;;
2877;3;0,0167999;0,179079063;0,140828448;;
2878;3;0,016622033;0,177183078;0,139337439;;
2879;3;0,016433239;0,175170625;0,137754838;;
2880;3;0,016244679;0,173160669;0,136174201;;
2881;3;0,016046941;0,171052868;0,134516619;;
2882;3;0,015849393;0,168947103;0,132860637;;
2883;3;0,015642056;0,166736985;0,131122592;;
2884;3;0,015434922;0,164529036;0,129386253;;
2885;3;0,015217513;0,16221156;0,127563781;;
2886;3;0,01498904;0,159776138;0,125648556;;
2887;3;0,014760769;0,157342881;0,123735033;;
2888;3;0,014523077;0,15480919;0,121742529;;
2889;3;0,014285715;0,152279025;0,119752798;;
2890;3;0,014040935;0,149669789;0,117700885;;
2891;3;0,013796406;0,147063225;0,115651073;;
2892;3;0,013542545;0,144357178;0,113523028;;
2893;3;0,013279937;0,1415579;0,111321665;;
2894;3;0,013017675;0,138762315;0,109123206;;
2895;3;0,012748223;0,135890079;0,106864469;;
2896;3;0,012479077;0,13302111;0,104608301;;
2897;3;0,012201799;0,130065456;0,102283964;;
2898;3;0,011924913;0,127113985;0,099962916;;
2899;3;0,011640486;0,124082126;0,097578651;;
2900;3;0,011348001;0,120964372;0,095126837;;
2901;3;0,011055854;0,117850226;0,092677861;;
2902;3;0,01075586;0,114652429;0,090163102;;
2903;3;0,010456298;0,111459236;0,087651962;;
2904;3;0,010150254;0,108196945;0,085086484;;
2905;3;0,00984454;0,104938177;0,082523777;;
2906;3;0,009529722;0,10158237;0,079884758;;
2907;3;0,00920577;0,098129197;0,07716917;;
2908;3;0,008882332;0,094681496;0,074457885;;
2909;3;0,008553081;0,091171831;0,071697871;;
2910;3;0,008224086;0,087664897;0,068940005;;
2911;3;0,00788501;0,084050507;0,066097635;;
2912;3;0,007546381;0,08044088;0,06325901;;
2913;3;0,007199631;0,076744687;0,06035231;;
2914;3;0,006845187;0,07296649;0,057381122;;
2915;3;0,006491291;0,069194119;0,054414515;;
2916;3;0,006130572;0,06534902;0,051390715;;
2917;3;0,005770335;0,061509066;0,048370961;;
2918;3;0,005401719;0,057579796;0,045280968;;
2919;3;0,005033719;0,05365709;0,042196137;;
2920;3;0,004658948;0,049662197;0,039054539;;
2921;3;0,004284798;0,045673938;0,035918156;;
2922;3;0,003902456;0,041598351;0,0327131;;
2923;3;0,003512286;0,037439324;0,029442425;;
2924;3;0,003123051;0,033290259;0,026179585;;
2925;3;0,002729441;0,029094565;0,022880076;;
2926;3;0,002336706;0,024908196;0,019587899;;
2927;3;0,001937794;0,020655971;0,016243933;;
2928;3;0,001539784;0,016413376;0,01290754;;
2929;3;0,001134186;0,012089895;0,009507539;;
2930;3;0,000721738;0,007693384;0,006050106;;
2931;3;0,000310342;0,003308105;0,002601506;;
2932;3;-0,000107793;-0,001149021;-0,000903595;;
2933;3;-0,000524742;-0,005593504;-0,004398752;;
2934;3;-0,000947735;-0,010102406;-0,00794457;;
2935;3;-0,001369445;-0,014597637;-0,011479636;;
2936;3;-0,001797747;-0,019163139;-0,015069964;;
2937;3;-0,002234886;-0,023822837;-0,018734368;;
2938;3;-0,002670753;-0,028468975;-0,022388109;;
2939;3;-0,003114916;-0,03320354;-0,026111388;;
2940;3;-0,003557547;-0,037921781;-0,029821831;;
2941;3;-0,004006374;-0,042706067;-0,033584212;;
2942;3;-0,004453588;-0,047473166;-0,037333076;;
2943;3;-0,004908208;-0,052319199;-0,041144015;;
2944;3;-0,005369139;-0,057232505;-0,045007857;;
2945;3;-0,005828234;-0,062126247;-0,048856314;;
2946;3;-0,006294453;-0,067095915;-0,05276448;;
2947;3;-0,006758696;-0,072044535;-0,056656093;;
2948;3;-0,007230335;-0,077071987;-0,060609701;;
2949;3;-0,007699564;-0,082073738;-0,064543097;;
2950;3;-0,008173135;-0,087121791;-0,068512904;;
2951;3;-0,0086527;-0,092233726;-0,072532949;;
2952;3;-0,00912944;-0,097315554;-0,076529318;;
2953;3;-0,009608607;-0,102423249;-0,080546028;;
2954;3;-0,01008496;-0,107500943;-0,084539146;;
2955;3;-0,010566867;-0,11263785;-0,088578829;;
2956;3;-0,011045522;-0,117740092;-0,092591251;;
2957;3;-0,011526994;-0,12287235;-0,096627278;;
2958;3;-0,012004966;-0,127967306;-0,10063397;;
2959;3;-0,012486285;-0,133097947;-0,104668726;;
2960;3;-0,012969366;-0,138247361;-0,108718244;;
2961;3;-0,013448286;-0,143352422;-0,112732884;;
2962;3;-0,01392784;-0,148464251;-0,116752845;;
2963;3;-0,014402842;-0,15352755;-0,120734643;;
2964;3;-0,014877702;-0,158589331;-0,124715246;;
2965;3;-0,015347757;-0,1635999;-0,128655577;;
2966;3;-0,015819184;-0,168625088;-0,132607403;;
2967;3;-0,016292698;-0,173672525;-0,136576727;;
2968;3;-0,016760694;-0,178661144;-0,140499795;;
2969;3;-0,017228312;-0,183645736;-0,144419697;;
2970;3;-0,017690045;-0,188567583;-0,148290257;;
2971;3;-0,018151425;-0,193485686;-0,152157871;;
2972;3;-0,01860648;-0,198336358;-0,155972458;;
2973;3;-0,019061191;-0,203183367;-0,159784164;;
2974;3;-0,019515406;-0,208025077;-0,163591703;;
2975;3;-0,019962399;-0,212789816;-0,167338712;;
2976;3;-0,020407139;-0,217530541;-0,171066835;;
2977;3;-0,020844244;-0,222189872;-0,174730951;;
2978;3;-0,021279863;-0,226833369;-0,178382614;;
2979;3;-0,021707313;-0,231389786;-0,181965798;;
2980;3;-0,022133021;-0,23592763;-0,185534375;;
2981;3;-0,02255669;-0,240443745;-0,189085865;;
2982;3;-0,022971271;-0,24486298;-0,192561168;;
2983;3;-0,023384501;-0,249267822;-0,196025152;;
2984;3;-0,02378807;-0,253569672;-0,199408144;;
2985;3;-0,024189157;-0,257845072;-0,202770334;;
2986;4;-0,024585584;-0,262070806;-0,206093467;;
2987;4;-0,024979427;-0,266268983;-0,20939493;;
2988;4;-0,025368899;-0,270420577;-0,212659759;;
2989;4;-0,025747176;-0,274452827;-0,215830735;;
2990;4;-0,026122638;-0,278455077;-0,21897812;;
2991;4;-0,02648607;-0,282329092;-0,222024659;;
2992;4;-0,026843445;-0,286138544;-0,225020427;;
2993;4;-0,027187972;-0,289811042;-0,227908493;;
2994;4;-0,027524308;-0,293396217;-0,230727889;;
2995;4;-0,027846869;-0,296834572;-0,233431824;;
2996;4;-0,02815819;-0,300153108;-0,236041532;;
2997;4;-0,028452891;-0,303294485;-0,238511924;;
2998;4;-0,028733254;-0,306283019;-0,240862118;;
2999;4;-0,029003666;-0,309165485;-0,2431289;;
3000;4;-0,029258832;-0,311885434;-0,245267878;;
3001;4;-0,029498484;-0,31444001;-0,247276807;;
3002;4;-0,029722523;-0,316828159;-0,249154856;;
3003;4;-0,029934529;-0,319088047;-0,25093204;;
3004;4;-0,03012913;-0,3211624;-0,252563319;;
3005;4;-0,030306882;-0,323057155;-0,254053361;;
3006;4;-0,030469856;-0,324794379;-0,255419521;;
3007;4;-0,030615225;-0,326343954;-0,256638112;;
3008;4;-0,030740867;-0,32768323;-0,257691324;;
3009;4;-0,030848024;-0,32882548;-0,258589594;;
3010;4;-0,030931685;-0,329717262;-0,259290895;;
3011;4;-0,030996388;-0,330406973;-0,259833286;;
3012;4;-0,03104146;-0,330887415;-0,260211107;;
3013;4;-0,031059698;-0,331081828;-0,260363995;;
3014;4;-0,031058015;-0,331063883;-0,260349882;;
3015;4;-0,031031119;-0,330777187;-0,260124424;;
3016;4;-0,030983727;-0,330272008;-0,259727149;;
3017;4;-0,030908704;-0,329472301;-0,259098256;;
3018;4;-0,030804404;-0,32836051;-0,25822394;;
3019;4;-0,030678456;-0,327017963;-0,257168156;;
3020;4;-0,030518641;-0,32531441;-0,255828475;;
3021;4;-0,030337234;-0,323380699;-0,254307797;;
3022;4;-0,03012788;-0,321149078;-0,252552842;;
3023;4;-0,029896265;-0,318680168;-0,250611283;;
3024;4;-0,029628104;-0,315821698;-0,248363371;;
3025;4;-0,029337582;-0,312724869;-0,245928013;;
3026;4;-0,029012053;-0,309254889;-0,243199208;;
3027;4;-0,028659822;-0,30550027;-0,240246561;;
3028;4;-0,028286212;-0,301517766;-0,237114705;;
3029;4;-0,027895171;-0,297349443;-0,23383672;;
3030;4;-0,027482795;-0,292953713;-0,230379901;;
3031;4;-0,027048299;-0,288322185;-0,22673765;;
3032;4;-0,026592757;-0,283466326;-0,222918985;;
3033;4;-0,026112487;-0,278346876;-0,21889303;;
3034;4;-0,025604237;-0,272929161;-0,214632518;;
3035;4;-0,025075306;-0,267291012;-0,210198657;;
3036;4;-0,024516444;-0,261333802;-0,205513885;;
3037;4;-0,02393738;-0,255161254;-0,200659769;;
3038;4;-0,023324894;-0,248632438;-0,195525484;;
3039;4;-0,022693006;-0,24189681;-0,190228561;;
3040;4;-0,022027415;-0,234801922;-0,184649115;;
3041;4;-0,021331363;-0,227382332;-0,178814321;;
3042;4;-0,02061725;-0,219770224;-0,172828131;;
3043;4;-0,019869642;-0,211801066;-0,166561155;;
3044;4;-0,019105355;-0,203654126;-0,160154371;;
3045;4;-0,018313641;-0,195214827;-0,153517674;;
3046;4;-0,017506132;-0,186607165;-0,146748576;;
3047;4;-0,016664586;-0,177636677;-0,139694151;;
3048;4;-0,015791953;-0,168334814;-0,132379131;;
3049;4;-0,014905982;-0,15889078;-0,124952307;;
3050;4;-0,013988496;-0,149110814;-0,117261305;;
3051;4;-0,013059213;-0,139205086;-0,109471403;;
3052;4;-0,012097215;-0,128950638;-0,101407267;;
3053;4;-0,011125597;-0,118593647;-0,09326249;;
3054;4;-0,010125184;-0,107929719;-0,084876337;;
3055;4;-0,009099271;-0,096993961;-0,076276416;;
3056;4;-0,008066886;-0,085989222;-0,067622248;;
3057;4;-0,007005911;-0,074679726;-0,058728417;;
3058;4;-0,005941173;-0,063330123;-0,049803047;;
3059;4;-0,004854021;-0,051741586;-0,040689778;;
3060;4;-0,003765634;-0,040139896;-0,031566165;;
3061;4;-0,002655054;-0,028301634;-0,022256511;;
3062;4;-0,001546481;-0,016484766;-0,012963682;;
3063;4;-0,000419494;-0,004471611;-0,003516492;;
3064;4;0,000722982;0,007706651;0,006060539;;
3065;4;0,001858234;0,019807905;0,015577011;;
3066;4;0,003003481;0,032015696;0,025177264;;
3067;4;0,004137547;0,04410431;0,034683795;;
3068;4;0,005274728;0,056226128;0,044216438;;
3069;4;0,006396829;0,068187194;0,053622666;;
3070;4;0,007520409;0,080164033;0,063041297;;
3071;4;0,008640068;0,09209907;0,072427055;;
3072;4;0,009737085;0,103792766;0,081623022;;
3073;4;0,010821394;0,115350986;0,090712449;;
3074;4;0,011878584;0,126620138;0,099574552;;
3075;4;0,012918444;0,137704562;0,108291385;;
3076;4;0,013926114;0,148445847;0,116738372;;
3077;4;0,014890557;0,158726359;0,124823006;;
3078;4;0,015830141;0,168741879;0,132699248;;
3079;4;0,016734593;0,178382913;0,140280993;;
3080;4;0,01761415;0,187758584;0,147654057;;
3081;4;0,018455091;0,196722616;0,154703405;;
3082;4;0,01925776;0,205278696;0,161431939;;
3083;4;0,020021198;0,213416584;0,167831604;;
3084;4;0,020739493;0,221073275;0,173852855;;
3085;4;0,02141489;0,228272692;0,179514504;;
3086;4;0,022049417;0,23503645;0,184833548;;
3087;4;0,022637937;0,241309795;0,18976693;;
3088;4;0,023187702;0,247170034;0,194375444;;
3089;4;0,023712365;0,252762701;0,198773539;;
3090;4;0,024199082;0,257950873;0,202853536;;
3091;4;0,024641072;0,262662283;0,206558607;;
3092;4;0,025012312;0,266619522;0,209670595;;
3093;4;0,02534516;0,270167523;0,212460756;;
3094;4;0,025593795;0,272817854;0,214544986;;
3095;4;0,02580691;0,275089563;0,216331466;;
3096;4;0,025968963;0,276816973;0,217689909;;
3097;4;0,026099593;0,278209425;0,218784938;;
3098;4;0,026194232;0,279218234;0,219578269;;
3099;4;0,026260048;0,279919808;0,220129989;;
3100;4;0,026278961;0,280121403;0,220288524;;
3101;4;0,026235397;0,279657037;0,219923346;;
3102;4;0,026163735;0,278893148;0,219322621;;
3103;4;0,025987993;0,277019824;0,217849431;;
3104;4;0,025789798;0,274907158;0,216188023;;
3105;4;0,025520244;0,272033835;0,213928431;;
3106;4;0,025235531;0,268998929;0,211541769;;
3107;4;0,02496101;0,266072668;0,209240547;;
3108;4;0,024691645;0,263201364;0,206982542;;
3109;4;0,024408438;0,260182509;0,204608503;;
3110;4;0,024096984;0,256862557;0,20199768;;
3111;4;0,023774601;0,253426108;0,199295244;;
3112;4;0,023371981;0,249134361;0,195920198;;
3113;4;0,022962385;0,244768258;0,192486679;;
3114;4;0,022441986;0,239221049;0,188124333;;
3115;4;0,021870639;0,233130762;0,183334908;;
3116;4;0,021308694;0,22714069;0,178624293;;
3117;4;0,020749493;0,221179875;0,173936685;;
3118;4;0,020203082;0,215355388;0,169356287;;
3119;4;0,019650299;0,209462975;0,164722471;;
3120;4;0,019111691;0,203721668;0,160207485;;
3121;4;0,018523452;0,197451321;0,155276461;;
3122;4;0,017892913;0,19073007;0,149990844;;
3123;4;0,017284527;0,184244954;0,144890925;;
3124;4;0,016618845;0,177149096;0,139310715;;
3125;4;0,01605088;0,171094859;0,13454964;;
3126;4;0;0;0;;
3127;5;0;0;0;;
